<?xml version="1.0" encoding="UTF-8"?>
<SGServiceRequest>
<SrhServiceRequestName>
<SrhInterfaceCode>1</SrhInterfaceCode>
<SrhServiceCode>2</SrhServiceCode>
<SrhRequestVersion>3</SrhRequestVersion>
</SrhServiceRequestName>
<SrhIdentity>
<SrhSource>4</SrhSource>
<SrhOrigSystem>5</SrhOrigSystem>
<SrhUserContext>6</SrhUserContext>
<SrhFunctional>7</SrhFunctional>
</SrhIdentity>
<SrhExtension>8</SrhExtension>
<BusinessData>
<CustDtlRq>
<CustNum>9</CustNum>
</CustDtlRq>
</BusinessData>
</SGServiceRequest>
